Calf,Diet,Time,Sample,Succinate,Lactate,Acetate,Propionate,Isobutyrate,Butyrate,Valerate,Total VFA,Acetate_rel,Propionate_rel,Butyrate_rel,Valerate_rel
4924,A,8w,L,0.294357061,0.414707384,68.64024507,49.62769091,0.770398999,21.17125991,13.48997702,154.3952103,0.444574964,0.32143284,0.137123813,0.087373028
4925,B,8w,L,0,0,27.69364108,4.578319621,0.346259213,3.691323362,1.465394426,38.19770662,0.725007953,0.119858495,0.096637303,0.038363414
4926,C,8w,L,0.468617457,0.424657765,34.51489986,18.97028626,0.314291673,3.79981271,2.608521364,60.6006509,0.569546686,0.313037665,0.062702507,0.043044445
4954,B,8w,L,0.068147249,0.147266901,22.94567225,10.60052093,0.624602124,8.36351948,2.304614335,46.57890509,0.492619399,0.227582012,0.179555948,0.049477641
4955,C,8w,L,0.684762116,0.104013794,53.7544575,39.04098773,0.530328307,17.90681465,4.732117147,116.7210272,0.460537906,0.334481187,0.153415499,0.040542114
4956,A,8w,L,0.223412179,1.60102455,87.14266555,48.69513752,0.507737822,19.82690206,7.443870576,164.5477185,0.529589023,0.295933228,0.120493327,0.04523837
4970,C,8w,L,0.642973487,0.121701472,66.23239479,28.29954968,1.524764793,11.51504872,8.031289808,118.112876,0.560755076,0.239597499,0.0974919,0.067996734
4971,A,8w,L,0.236252198,0.512155264,73.74544776,32.54517873,1.184804036,15.5735785,5.917133109,130.4493672,0.565318555,0.249485141,0.119384086,0.045359615
4973,B,8w,L,40.57342754,0,27.02717104,12.60111898,0.305981207,4.162264132,1.433053832,45.73330188,0.590973534,0.275534861,0.091011669,0.031335018